Top consultas,Cliques,Impressões,CTR,Posição
é verdade que maizena alisa o cabelo,1,2,50%,21.5
melhor progressiva de chuveiro,0,10,0%,67.3
qual a melhor progressiva de chuveiro,0,9,0%,65.33
hidraliso funciona,0,7,0%,13.57
melhores progressivas de chuveiro,0,6,0%,60.83
hidraliso é bom,0,4,0%,24
alisamento natural com maizena,0,4,0%,32.25
alisamento com leite e maizena funciona,0,3,0%,17
alisar o cabelo com leite e maizena,0,3,0%,40.33
maizena e leite no cabelo,0,2,0%,41
alisar cabelo com leite,0,2,0%,44
alisamento natural com maizena e leite,0,2,0%,66.5
maizena para alisar cabelo,0,1,0%,10
maizena alisa cabelo,0,1,0%,11
alisamento caseiro com maizena,0,1,0%,21
como alisar cabelo com maizena,0,1,0%,22
alisar cabelo com maizena,0,1,0%,26
melhor receita de alisamento com maizena,0,1,0%,35
alisamento com maizena e creme de hidratação,0,1,0%,36
alisar o cabelo com maizena,0,1,0%,37
alisamento de cabelo com maizena,0,1,0%,38
alisamento natural com leite e maizena,0,1,0%,39
hidratação com maizena para alisar,0,1,0%,39
hidraliso original,0,1,0%,52
alisamento natural com leite,0,1,0%,63